{"loss": [1.3522287607192993, 0.455192893743515, 0.2728099822998047, 0.1905510425567627, 0.14046190679073334, 0.11300480365753174, 0.08643386512994766, 0.0743178129196167, 0.06503831595182419, 0.056823402643203735], "accuracy": [0.6014652252197266, 0.8556085228919983, 0.9121416807174683, 0.938174843788147, 0.9543921947479248, 0.963169515132904, 0.9719610214233398, 0.9755459427833557, 0.978632926940918, 0.9818906188011169], "val_loss": [0.5618535876274109, 0.26583656668663025, 0.2386763095855713, 0.19051073491573334, 0.1760912835597992, 0.13052664697170258, 0.15351183712482452, 0.10346783697605133, 0.2718094289302826, 0.0933024063706398], "val_accuracy": [0.8275097012519836, 0.9166856408119202, 0.9227179884910583, 0.939961314201355, 0.9444001913070679, 0.961700439453125, 0.9505463242530823, 0.9681880474090576, 0.927213728427887, 0.9728545546531677]}